id,Tg,FFV,Tc,Density,Rg
1109053969,157.5938438866999,0.35400590719999997,0.2470750000000001,1.109515686689999,18.167816719399994
1422188626,169.73601992329998,0.3733194085999998,0.24505500000000008,1.0869613228599995,19.493347518300006
2032016830,124.58444761169996,0.34797653689999997,0.2873700000000001,0.9712991756400001,22.333785029799998
